[{"model": "auth.user", "fields": {"password": "pbkdf2_sha256$870000$r1g4anSSYpsI1LZlhqE04b$evx+ZX1wneM5WeyggO1WYBj6gx7e3ACW7KCF4pCbCFo=", "last_login": "2025-05-22T11:34:01.810Z", "is_superuser": true, "username": "gopi", "first_name": "", "last_name": "", "email": "gopi@gmail.com", "is_staff": true, "is_active": true, "date_joined": "2025-05-19T15:54:30.932Z", "groups": [], "user_permissions": []}}, {"model": "auth.user", "fields": {"password": "pbkdf2_sha256$870000$t4JqmRPjCvYQDZXXRAmqOB$rfpuv6H+m+MXlKbYwD/fRdF4pVdgRHcgLfrlm0UEhiA=", "last_login": null, "is_superuser": false, "username": "Gopal", "first_name": "", "last_name": "", "email": "gopalreddyanthapu@gmail.com", "is_staff": false, "is_active": true, "date_joined": "2025-05-23T11:40:30.297Z", "groups": [], "user_permissions": []}}, {"model": "auth.user", "fields": {"password": "pbkdf2_sha256$870000$XAf4ZAy8eTU1evhIzHncFc$MSC2UYZ/eZknbM5AVtLCt1yH34wKJ2W06KoQ8BQ1kbA=", "last_login": null, "is_superuser": false, "username": "gopal", "first_name": "", "last_name": "", "email": "gopalreddyanthapu007@gmail.com", "is_staff": false, "is_active": true, "date_joined": "2025-05-23T11:54:34.035Z", "groups": [], "user_permissions": []}}, {"model": "auth.user", "fields": {"password": "pbkdf2_sha256$870000$S8JAV1S5XcKCxa29JZlimc$KmhfCNmUx07ReJjnhRnK9/olhszDliKf2OSEyP0o7G0=", "last_login": null, "is_superuser": false, "username": "testuser", "first_name": "", "last_name": "", "email": "test@example.com", "is_staff": false, "is_active": true, "date_joined": "2025-05-23T12:14:57.442Z", "groups": [], "user_permissions": []}}, {"model": "auth.user", "fields": {"password": "pbkdf2_sha256$870000$tc4Hu5YFkNfUJRJDPj84vt$1SPzTk7x/gE0S5pbMHvjtCLfwrCnu8zpGD0L3IW3Ivs=", "last_login": null, "is_superuser": false, "username": "govardhan", "first_name": "", "last_name": "", "email": "gopalreddyanthapu7@gmail.com", "is_staff": false, "is_active": true, "date_joined": "2025-05-23T17:15:55.172Z", "groups": [], "user_permissions": []}}, {"model": "sessions.session", "pk": "gfw52jzhd6i9xlipzrph66znwm4o8xpq", "fields": {"session_data": ".eJxVjDEOwjAMRe-SGUV1HUcpIztniBzHIQXUSk07Ie4OlTrA-t97_2Uib2uNW9MljtmcDZjT75ZYHjrtIN95us1W5mldxmR3xR602euc9Xk53L-Dyq1-a1R2BTzBwEiAXjsgYSyAg_bSgyhqryUQChElcCSSXIYQuqSUvXl_ANSfN70:1uH2tc:G28Imn92Yt19Gn9ZwjwHVPRLI6zHLCxItTA_pxI4lJQ", "expire_date": "2025-06-02T15:59:20.405Z"}}, {"model": "sessions.session", "pk": "kycst71k1tky11guhw7nkezk6fndpljh", "fields": {"session_data": ".eJxVjDEOwjAMRe-SGUV1HUcpIztniBzHIQXUSk07Ie4OlTrA-t97_2Uib2uNW9MljtmcDZjT75ZYHjrtIN95us1W5mldxmR3xR602euc9Xk53L-Dyq1-a1R2BTzBwEiAXjsgYSyAg_bSgyhqryUQChElcCSSXIYQuqSUvXl_ANSfN70:1uI4BV:t2yMD1ABdgWNwFYnM3KK6d_66B9z5AO6P4hEaG1W130", "expire_date": "2025-06-05T11:34:01.816Z"}}, {"model": "sessions.session", "pk": "ut67bgzj19oglu6ibwznltupyf0zdgy0", "fields": {"session_data": ".eJxVjDEOwjAMRe-SGUV1HUcpIztniBzHIQXUSk07Ie4OlTrA-t97_2Uib2uNW9MljtmcDZjT75ZYHjrtIN95us1W5mldxmR3xR602euc9Xk53L-Dyq1-a1R2BTzBwEiAXjsgYSyAg_bSgyhqryUQChElcCSSXIYQuqSUvXl_ANSfN70:1uHGbS:jTCxSNuX9NuFWI0AjaH95yLkTYbTqkEbXWmVgd4-PDk", "expire_date": "2025-06-03T06:37:30.724Z"}}, {"model": "sessions.session", "pk": "ze2imi2929m82x233fogtblfl128h2ss", "fields": {"session_data": ".eJxVjDEOwjAMRe-SGUV1HUcpIztniBzHIQXUSk07Ie4OlTrA-t97_2Uib2uNW9MljtmcDZjT75ZYHjrtIN95us1W5mldxmR3xR602euc9Xk53L-Dyq1-a1R2BTzBwEiAXjsgYSyAg_bSgyhqryUQChElcCSSXIYQuqSUvXl_ANSfN70:1uHenO:K5WVcr_MKsLChChf2jzhdEAgjWK9WePBYCQcyto6ads", "expire_date": "2025-06-04T08:27:26.080Z"}}, {"model": "server.server", "pk": 1, "fields": {"name": "AWS", "ip_address": "123456ip", "location": "Kadavakallu", "description": "This is the one", "tag": "Server", "created_at": "2025-05-19T16:12:52Z"}}, {"model": "server.server", "pk": 2, "fields": {"name": "Web Server A", "ip_address": "192.168.1.10", "location": "Mumbai", "description": "Handles frontend for production", "tag": "frontend", "created_at": "2025-05-19T17:36:52Z"}}, {"model": "server.server", "pk": 3, "fields": {"name": "DB Server B", "ip_address": "192.168.1.20", "location": "Hyderabad", "description": "MySQL database for main app", "tag": "database", "created_at": "2025-05-19T17:37:03Z"}}, {"model": "server.server", "pk": 4, "fields": {"name": "Server C", "ip_address": "123rt56e", "location": "Delhi", "description": "This is one of the Server", "tag": "Server", "created_at": "2025-05-19T18:33:44.620Z"}}, {"model": "server.alert", "pk": 1, "fields": {"server_id": 1, "severity": "low", "message": "This is in  Low", "created_at": "2025-05-19T16:13:38Z"}}, {"model": "server.alert", "pk": 2, "fields": {"server_id": 2, "severity": "critical", "message": "CPU usage exceeded 90%", "created_at": "2025-05-18T15:30:00Z"}}, {"model": "server.alert", "pk": 3, "fields": {"server_id": 3, "severity": "medium", "message": "Disk usage nearing 80%", "created_at": "2025-05-17T10:45:00Z"}}, {"model": "server.alert", "pk": 4, "fields": {"server_id": 1, "severity": "low", "message": "This is the one", "created_at": "2025-05-20T09:19:36Z"}}, {"model": "server.alert", "pk": 5, "fields": {"server_id": 1, "severity": "critical", "message": "CPU usage exceeded 90%", "created_at": "2025-05-20T08:30:00Z"}}, {"model": "server.alert", "pk": 6, "fields": {"server_id": 1, "severity": "critical", "message": "CPU usage exceeded 90%", "created_at": "2025-05-20T08:30:00Z"}}, {"model": "server.alert", "pk": 7, "fields": {"server_id": 1, "severity": "critical", "message": "CPU usage exceeded 90%", "created_at": "2025-05-20T08:30:00Z"}}, {"model": "server.alert", "pk": 8, "fields": {"server_id": 1, "severity": "critical", "message": "CPU usage exceeded 90%", "created_at": "2025-05-20T08:30:00Z"}}, {"model": "server.alert", "pk": 9, "fields": {"server_id": 3, "severity": "critical", "message": "CPU usage exceeded 90%", "created_at": "2025-05-20T08:30:00Z"}}, {"model": "server.alert", "pk": 10, "fields": {"server_id": 1, "severity": "medium", "message": "This is in medium alert", "created_at": "2025-05-22T16:43:34Z"}}, {"model": "server.resourceusage", "pk": 1, "fields": {"server_id": 1, "timestamp": "2025-05-19T16:13:58Z", "cpu_usage_percent": "56.23", "ram_usage_percent": "32.20", "disk_usage_percent": "12.00", "app_usage_percent": "2.50"}}, {"model": "server.resourceusage", "pk": 2, "fields": {"server_id": 2, "timestamp": "2025-05-18T14:00:00Z", "cpu_usage_percent": "87.20", "ram_usage_percent": "76.50", "disk_usage_percent": "58.00", "app_usage_percent": "42.30"}}, {"model": "server.resourceusage", "pk": 3, "fields": {"server_id": 3, "timestamp": "2025-05-18T14:00:00Z", "cpu_usage_percent": "65.10", "ram_usage_percent": "82.90", "disk_usage_percent": "73.40", "app_usage_percent": "60.50"}}, {"model": "server.resourceusage", "pk": 4, "fields": {"server_id": 2, "timestamp": "2025-05-20T09:53:05Z", "cpu_usage_percent": "36.23", "ram_usage_percent": "35.56", "disk_usage_percent": "32.36", "app_usage_percent": "24.23"}}, {"model": "server.resourceusage", "pk": 5, "fields": {"server_id": 1, "timestamp": "2025-05-19T10:05:00Z", "cpu_usage_percent": "65.30", "ram_usage_percent": "70.40", "disk_usage_percent": "90.10", "app_usage_percent": "50.20"}}, {"model": "server.resourceusage", "pk": 6, "fields": {"server_id": 1, "timestamp": "2025-05-19T10:10:00Z", "cpu_usage_percent": "70.20", "ram_usage_percent": "65.10", "disk_usage_percent": "88.30", "app_usage_percent": "48.70"}}, {"model": "server.resourceusage", "pk": 7, "fields": {"server_id": 1, "timestamp": "2025-05-19T10:15:00Z", "cpu_usage_percent": "68.50", "ram_usage_percent": "66.80", "disk_usage_percent": "87.90", "app_usage_percent": "52.30"}}, {"model": "server.resourceusage", "pk": 8, "fields": {"server_id": 1, "timestamp": "2025-05-19T10:20:00Z", "cpu_usage_percent": "75.00", "ram_usage_percent": "72.00", "disk_usage_percent": "89.50", "app_usage_percent": "55.10"}}, {"model": "server.resourceusage", "pk": 9, "fields": {"server_id": 1, "timestamp": "2025-05-19T10:25:00Z", "cpu_usage_percent": "80.40", "ram_usage_percent": "69.70", "disk_usage_percent": "90.00", "app_usage_percent": "53.90"}}, {"model": "server.resourceusage", "pk": 10, "fields": {"server_id": 1, "timestamp": "2025-05-19T10:30:00Z", "cpu_usage_percent": "77.80", "ram_usage_percent": "71.20", "disk_usage_percent": "88.70", "app_usage_percent": "51.60"}}, {"model": "server.networktraffic", "pk": 1, "fields": {"server_id": 1, "timestamp": "2025-05-19T16:14:56Z", "incoming_traffic_mb": "300.00"}}, {"model": "server.networktraffic", "pk": 2, "fields": {"server_id": 2, "timestamp": "2025-05-18T14:00:00Z", "incoming_traffic_mb": "1045.23"}}, {"model": "server.networktraffic", "pk": 3, "fields": {"server_id": 3, "timestamp": "2025-05-18T14:00:00Z", "incoming_traffic_mb": "843.11"}}, {"model": "oauth2_provider.application", "fields": {"client_id": "zI8i5ms6r2a3CM7IBsMNboAHEr2Ie7WUqLnssyZC", "user": ["gopi"], "redirect_uris": "", "post_logout_redirect_uris": "", "client_type": "confidential", "authorization_grant_type": "password", "client_secret": "pbkdf2_sha256$870000$okkBMvP6vbv0HahMdrmV8S$7U/LsXH22iWDez5/4ELmb1Pv9Bmvnsj/ISEAJOqZDMM=", "hash_client_secret": true, "name": "server", "skip_authorization": false, "created": "2025-05-20T07:43:22.671Z", "updated": "2025-05-20T07:43:22.671Z", "algorithm": "", "allowed_origins": ""}}, {"model": "oauth2_provider.accesstoken", "pk": 1, "fields": {"user": ["gopi"], "source_refresh_token": null, "token": "80cxPuWyus2EblCOgeX783zkx8TbqN", "token_checksum": "4701a84a0ecbaaee2661e7c29c9e313d998b32c89446706e99ca4e36b615d3e6", "id_token": null, "application": ["zI8i5ms6r2a3CM7IBsMNboAHEr2Ie7WUqLnssyZC"], "expires": "2025-05-20T17:50:06.636Z", "scope": "read write", "created": "2025-05-20T07:50:06.636Z", "updated": "2025-05-20T07:50:06.636Z"}}, {"model": "oauth2_provider.accesstoken", "pk": 2, "fields": {"user": ["gopi"], "source_refresh_token": null, "token": "tXs08n96hN81VdwEJysG2la9ncyFpc", "token_checksum": "c7be6978eb374ad22c2ee849e33dcba4106ad282b335d54fddde35ffdda23103", "id_token": null, "application": ["zI8i5ms6r2a3CM7IBsMNboAHEr2Ie7WUqLnssyZC"], "expires": "2025-05-21T18:28:40.396Z", "scope": "read write", "created": "2025-05-21T08:28:40.396Z", "updated": "2025-05-21T08:28:40.396Z"}}, {"model": "oauth2_provider.accesstoken", "pk": 3, "fields": {"user": ["gopi"], "source_refresh_token": null, "token": "SVhlOF9F5QSodEN67fednXhAIg0DsG", "token_checksum": "d1a31e1d678fb35ee7cf7cf297e0b267d90f25880bb1bf435372ca594dba1947", "id_token": null, "application": ["zI8i5ms6r2a3CM7IBsMNboAHEr2Ie7WUqLnssyZC"], "expires": "2025-05-22T21:41:22.257Z", "scope": "read write", "created": "2025-05-22T11:41:22.257Z", "updated": "2025-05-22T11:41:22.257Z"}}, {"model": "oauth2_provider.accesstoken", "pk": 4, "fields": {"user": ["gopi"], "source_refresh_token": null, "token": "ZAduRjdeyXUEauPoTYMxpNvsAXGDMG", "token_checksum": "47fd0cfc65eb223b0c3d36e0dc33634f3ada9dc8920646ef2110f544cddb5819", "id_token": null, "application": ["zI8i5ms6r2a3CM7IBsMNboAHEr2Ie7WUqLnssyZC"], "expires": "2025-05-23T01:43:21.294Z", "scope": "read write", "created": "2025-05-22T15:43:21.294Z", "updated": "2025-05-22T15:43:21.294Z"}}, {"model": "oauth2_provider.accesstoken", "pk": 5, "fields": {"user": ["gopi"], "source_refresh_token": null, "token": "NvMyVRbAEpjAHyLKiKIaDJNJbpuGIz", "token_checksum": "1046985d0a4350d2d31c292019210d0db9a2b05d1f6674be24f93b87811c70a3", "id_token": null, "application": ["zI8i5ms6r2a3CM7IBsMNboAHEr2Ie7WUqLnssyZC"], "expires": "2025-05-23T14:42:11.297Z", "scope": "read write", "created": "2025-05-23T04:42:11.297Z", "updated": "2025-05-23T04:42:11.297Z"}}, {"model": "oauth2_provider.refreshtoken", "pk": 1, "fields": {"user": ["gopi"], "token": "jLAu2svmen2G6gD7mIrFkN2lElKnRR", "application": ["zI8i5ms6r2a3CM7IBsMNboAHEr2Ie7WUqLnssyZC"], "access_token": 1, "token_family": "b61bb734-4dc0-4ea8-b231-f2b5e61531e1", "created": "2025-05-20T07:50:06.644Z", "updated": "2025-05-20T07:50:06.644Z", "revoked": null}}, {"model": "oauth2_provider.refreshtoken", "pk": 2, "fields": {"user": ["gopi"], "token": "tUXtqmpMHXtxjA0pCN89PZ8n4o2pgn", "application": ["zI8i5ms6r2a3CM7IBsMNboAHEr2Ie7WUqLnssyZC"], "access_token": 2, "token_family": "0a629a92-7e3e-4fc5-8570-e157123755a3", "created": "2025-05-21T08:28:40.404Z", "updated": "2025-05-21T08:28:40.404Z", "revoked": null}}, {"model": "oauth2_provider.refreshtoken", "pk": 3, "fields": {"user": ["gopi"], "token": "2UNpk3kTdzpj53xhuKBSZXjcLgkqoA", "application": ["zI8i5ms6r2a3CM7IBsMNboAHEr2Ie7WUqLnssyZC"], "access_token": 3, "token_family": "33749d54-bae9-446e-8564-98d6c78ccd03", "created": "2025-05-22T11:41:22.265Z", "updated": "2025-05-22T11:41:22.265Z", "revoked": null}}, {"model": "oauth2_provider.refreshtoken", "pk": 4, "fields": {"user": ["gopi"], "token": "i6kPuRFutiVJe3dv6DDcjaaX4ycvhx", "application": ["zI8i5ms6r2a3CM7IBsMNboAHEr2Ie7WUqLnssyZC"], "access_token": 4, "token_family": "25fcd364-3e30-4d63-a7cd-bae468e6bf90", "created": "2025-05-22T15:43:21.297Z", "updated": "2025-05-22T15:43:21.297Z", "revoked": null}}, {"model": "oauth2_provider.refreshtoken", "pk": 5, "fields": {"user": ["gopi"], "token": "pDO1C7uCuWhk6mKQDzuJRF8Gof2Uhy", "application": ["zI8i5ms6r2a3CM7IBsMNboAHEr2Ie7WUqLnssyZC"], "access_token": 5, "token_family": "88576666-4b8e-4f04-9149-c4d32970078d", "created": "2025-05-23T04:42:11.306Z", "updated": "2025-05-23T04:42:11.306Z", "revoked": null}}, {"model": "admin.logentry", "pk": 1, "fields": {"action_time": "2025-05-19T16:13:08.716Z", "user": ["gopi"], "content_type": ["server", "server"], "object_id": "1", "object_repr": "AWS - 123456ip", "action_flag": 1, "change_message": "[{\"added\": {}}]"}}, {"model": "admin.logentry", "pk": 2, "fields": {"action_time": "2025-05-19T16:13:40.648Z", "user": ["gopi"], "content_type": ["server", "alert"], "object_id": "1", "object_repr": "AWS - low", "action_flag": 1, "change_message": "[{\"added\": {}}]"}}, {"model": "admin.logentry", "pk": 3, "fields": {"action_time": "2025-05-19T16:14:40.400Z", "user": ["gopi"], "content_type": ["server", "resourceusage"], "object_id": "1", "object_repr": "AWS - 2025-05-19 16:13:58", "action_flag": 1, "change_message": "[{\"added\": {}}]"}}, {"model": "admin.logentry", "pk": 4, "fields": {"action_time": "2025-05-19T16:15:01.761Z", "user": ["gopi"], "content_type": ["server", "networktraffic"], "object_id": "1", "object_repr": "AWS - 123456ip - 2025-05-19 16:14:56 - 300 MB", "action_flag": 1, "change_message": "[{\"added\": {}}]"}}, {"model": "admin.logentry", "pk": 5, "fields": {"action_time": "2025-05-20T09:19:55.218Z", "user": ["gopi"], "content_type": ["server", "alert"], "object_id": "4", "object_repr": "Alert (low)", "action_flag": 1, "change_message": "[{\"added\": {}}]"}}, {"model": "admin.logentry", "pk": 6, "fields": {"action_time": "2025-05-20T09:56:19.039Z", "user": ["gopi"], "content_type": ["server", "resourceusage"], "object_id": "4", "object_repr": "Web Server A - 2025-05-20 09:53:05", "action_flag": 1, "change_message": "[{\"added\": {}}]"}}, {"model": "admin.logentry", "pk": 7, "fields": {"action_time": "2025-05-22T16:43:52.667Z", "user": ["gopi"], "content_type": ["server", "alert"], "object_id": "10", "object_repr": "AWS - 123456ip - medium", "action_flag": 1, "change_message": "[{\"added\": {}}]"}}, {"model": "admin.logentry", "pk": 8, "fields": {"action_time": "2025-05-22T18:33:04.924Z", "user": ["gopi"], "content_type": ["server", "server"], "object_id": "2", "object_repr": "Web Server A - 192.168.1.10", "action_flag": 2, "change_message": "[{\"changed\": {\"fields\": [\"Location\"]}}]"}}, {"model": "admin.logentry", "pk": 9, "fields": {"action_time": "2025-05-22T18:34:09.288Z", "user": ["gopi"], "content_type": ["server", "server"], "object_id": "3", "object_repr": "DB Server B - 192.168.1.20", "action_flag": 2, "change_message": "[{\"changed\": {\"fields\": [\"Location\"]}}]"}}]